Markdown File,HTML File,Total Images,Missing Images,Missing Image Names
".venv/lib/python3.13/site-packages/soupsieve-2.7.dist-info/licenses/LICENSE.md","NOT_FOUND",0,0,""
"_pages/pt/artigos-artigos-publicacoes.md","artigos.html",4,0,""
"_pages/pt/bibliotecajoaoaffonso-biblioteca-joao-affonso.md","bibliotecajoaoaffonso.html",110,0,""
"_pages/pt/blog-clipping-diario-de-bordo.md","blog-clipping.html",16,0,""
"_pages/pt/caixadecriadores-caixa-de-criadores.md","caixadecriadores.html",4,0,""
"_pages/pt/contato-fernandohage-gmailcomfasoares-faapbr.md","contato.html",0,0,""
"_pages/pt/curriculo-curriculo-resumido.md","curriculo.html",0,0,""
"_pages/pt/home-pt-moda-cultura-e-arte.md","home-pt.html",6,0,""
"_pages/pt/livosgouncourt-biblioteca-joao-affonso.md","livosgouncourt.html",18,0,""
"_pages/pt/livrosbrasileirosja-biblioteca-joao-affonso.md","livrosbrasileirosja.html",6,0,""
"_pages/pt/livrosgravura-biblioteca-joao-affonso.md","livrosgravura.html",14,0,""
"_pages/pt/livroshistoria-biblioteca-joao-affonso.md","livroshistoria.html",12,0,""
"_pages/pt/livrosmoda-biblioteca-joao-affonso.md","livrosmoda.html",12,0,""
"_pages/pt/livrosteatro-biblioteca-joao-affonso.md","livrosteatro.html",8,0,""
"_pages/pt/meulivro-entre-palavrasdesenhos-e-modas.md","meulivro.html",2,0,""
"_pages/pt/podcasts-podcasts.md","podcasts.html",0,0,""
"_pages/pt/revistasbrasileiras-biblioteca-joao-affonso.md","revistasbrasileiras.html",4,0,""
"_pages/pt/revistasfrancesas-biblioteca-joao-affonso.md","revistasfrancesas.html",14,0,""
"_pages/pt/territorio-da-moda.md","territoriodamoda.html",98,0,""
"_pages/pt/territoriodamoda-territorio-da-moda.md","territoriodamoda.html",82,0,""
"_pages/pt/tese-de-doutorado-imagens-na-historia-do-vestuario.md","tese-de-doutorado.html",0,0,""
"_pages/pt/tresseculosdemodas-tres-seculos-de-modas-1616-1916.md","tresseculosdemodas.html",114,0,""
"_pages/pt/videos-videos.md","videos.html",3,3,"maxresdefault.jpg; maxresdefault.jpg; maxresdefault.jpg"
"_posts/en/2025-07-02-apple-pie-recipe.md","NOT_FOUND",2,2,"apple_pie_recipe.jpg; apple_pie_recipe.jpg"
"_posts/pt/2004-08-01-projetos-especiais-chamma-da-amazonia.md","NOT_FOUND",10,10,"projetos-especiais-chamma-da-amazonia-01.jpg; projetos-especiais-chamma-da-amazonia-02.jpg; projetos-especiais-chamma-da-amazonia-03.jpg; projetos-especiais-chamma-da-amazonia-04.jpg; projetos-especiais-chamma-da-amazonia-05.jpg; projetos-especiais-chamma-da-amazonia-01.jpg; projetos-especiais-chamma-da-amazonia-02.jpg; projetos-especiais-chamma-da-amazonia-03.jpg; projetos-especiais-chamma-da-amazonia-04.jpg; projetos-especiais-chamma-da-amazonia-05.jpg"
"_posts/pt/2004-08-02-ilustracoes-para-museu-paraense-emilio-goeldi.md","NOT_FOUND",8,8,"ilustracoes-para-museu-paraense-emilio-goeldi-01.jpg; ilustracoes-para-museu-paraense-emilio-goeldi-02.jpg; ilustracoes-para-museu-paraense-emilio-goeldi-03.jpg; ilustracoes-para-museu-paraense-emilio-goeldi-04.jpg; ilustracoes-para-museu-paraense-emilio-goeldi-01.jpg; ilustracoes-para-museu-paraense-emilio-goeldi-02.jpg; ilustracoes-para-museu-paraense-emilio-goeldi-03.jpg; ilustracoes-para-museu-paraense-emilio-goeldi-04.jpg"
"_posts/pt/2004-12-16-projeto-porta-moda-na-figueredo.md","NOT_FOUND",10,10,"projeto-porta-moda-na-figueredo-01.jpg; projeto-porta-moda-na-figueredo-02.jpg; projeto-porta-moda-na-figueredo-03.jpg; projeto-porta-moda-na-figueredo-04.jpg; projeto-porta-moda-na-figueredo-05.jpg; projeto-porta-moda-na-figueredo-01.jpg; projeto-porta-moda-na-figueredo-02.jpg; projeto-porta-moda-na-figueredo-03.jpg; projeto-porta-moda-na-figueredo-04.jpg; projeto-porta-moda-na-figueredo-05.jpg"
"_posts/pt/2004-12-30-fernando-hage-para-q-vizu-verao-2005.md","NOT_FOUND",12,12,"fernando-hage-para-q-vizu-verao-2005-01.jpg; fernando-hage-para-q-vizu-verao-2005-02.jpg; fernando-hage-para-q-vizu-verao-2005-03.jpg; fernando-hage-para-q-vizu-verao-2005-04.jpg; fernando-hage-para-q-vizu-verao-2005-05.jpg; fernando-hage-para-q-vizu-verao-2005-06.jpg; fernando-hage-para-q-vizu-verao-2005-01.jpg; fernando-hage-para-q-vizu-verao-2005-02.jpg; fernando-hage-para-q-vizu-verao-2005-03.jpg; fernando-hage-para-q-vizu-verao-2005-04.jpg; fernando-hage-para-q-vizu-verao-2005-05.jpg; fernando-hage-para-q-vizu-verao-2005-06.jpg"
"_posts/pt/2006-03-06-jr-sport-fashion-por-fernando-hage.md","NOT_FOUND",10,10,"jr-sport-fashion-por-fernando-hage-01.jpg; jr-sport-fashion-por-fernando-hage-02.jpg; jr-sport-fashion-por-fernando-hage-03.jpg; jr-sport-fashion-por-fernando-hage-04.jpg; jr-sport-fashion-por-fernando-hage-05.jpg; jr-sport-fashion-por-fernando-hage-01.jpg; jr-sport-fashion-por-fernando-hage-02.jpg; jr-sport-fashion-por-fernando-hage-03.jpg; jr-sport-fashion-por-fernando-hage-04.jpg; jr-sport-fashion-por-fernando-hage-05.jpg"
"_posts/pt/2006-05-15-porta-lapis-linha-de-objetos-flou_.md","NOT_FOUND",12,12,"porta-lapis-linha-de-objetos-flou_-01.jpg; porta-lapis-linha-de-objetos-flou_-02.jpg; porta-lapis-linha-de-objetos-flou_-03.jpg; porta-lapis-linha-de-objetos-flou_-04.jpg; porta-lapis-linha-de-objetos-flou_-05.jpg; porta-lapis-linha-de-objetos-flou_-06.jpg; porta-lapis-linha-de-objetos-flou_-01.jpg; porta-lapis-linha-de-objetos-flou_-02.jpg; porta-lapis-linha-de-objetos-flou_-03.jpg; porta-lapis-linha-de-objetos-flou_-04.jpg; porta-lapis-linha-de-objetos-flou_-05.jpg; porta-lapis-linha-de-objetos-flou_-06.jpg"
"_posts/pt/2006-09-13-desfile-criando-moda-iguatemi-fashion-days.md","NOT_FOUND",22,22,"desfile-criando-moda-iguatemi-fashion-days-01.jpg; desfile-criando-moda-iguatemi-fashion-days-02.jpg; desfile-criando-moda-iguatemi-fashion-days-03.jpg; desfile-criando-moda-iguatemi-fashion-days-04.jpg; desfile-criando-moda-iguatemi-fashion-days-05.jpg; desfile-criando-moda-iguatemi-fashion-days-06.jpg; desfile-criando-moda-iguatemi-fashion-days-07.jpg; desfile-criando-moda-iguatemi-fashion-days-08.jpg; desfile-criando-moda-iguatemi-fashion-days-09.jpg; desfile-criando-moda-iguatemi-fashion-days-10.jpg; desfile-criando-moda-iguatemi-fashion-days-11.jpg; desfile-criando-moda-iguatemi-fashion-days-01.jpg; desfile-criando-moda-iguatemi-fashion-days-02.jpg; desfile-criando-moda-iguatemi-fashion-days-03.jpg; desfile-criando-moda-iguatemi-fashion-days-04.jpg; desfile-criando-moda-iguatemi-fashion-days-05.jpg; desfile-criando-moda-iguatemi-fashion-days-06.jpg; desfile-criando-moda-iguatemi-fashion-days-07.jpg; desfile-criando-moda-iguatemi-fashion-days-08.jpg; desfile-criando-moda-iguatemi-fashion-days-09.jpg; desfile-criando-moda-iguatemi-fashion-days-10.jpg; desfile-criando-moda-iguatemi-fashion-days-11.jpg"
"_posts/pt/2006-12-05-identidade-visual-caixa-de-criadores.md","NOT_FOUND",6,6,"identidade-visual-caixa-de-criadores-01.jpg; identidade-visual-caixa-de-criadores-02.jpg; identidade-visual-caixa-de-criadores-03.jpg; identidade-visual-caixa-de-criadores-01.jpg; identidade-visual-caixa-de-criadores-02.jpg; identidade-visual-caixa-de-criadores-03.jpg"
"_posts/pt/2006-12-12-colecao-lancada-no-1o-caixa-de-criadores.md","NOT_FOUND",20,20,"colecao-lancada-no-1o-caixa-de-criadores-01.jpg; colecao-lancada-no-1o-caixa-de-criadores-02.jpg; colecao-lancada-no-1o-caixa-de-criadores-03.jpg; colecao-lancada-no-1o-caixa-de-criadores-04.jpg; colecao-lancada-no-1o-caixa-de-criadores-05.jpg; colecao-lancada-no-1o-caixa-de-criadores-06.jpg; colecao-lancada-no-1o-caixa-de-criadores-07.jpg; colecao-lancada-no-1o-caixa-de-criadores-08.jpg; colecao-lancada-no-1o-caixa-de-criadores-09.jpg; colecao-lancada-no-1o-caixa-de-criadores-10.jpg; colecao-lancada-no-1o-caixa-de-criadores-01.jpg; colecao-lancada-no-1o-caixa-de-criadores-02.jpg; colecao-lancada-no-1o-caixa-de-criadores-03.jpg; colecao-lancada-no-1o-caixa-de-criadores-04.jpg; colecao-lancada-no-1o-caixa-de-criadores-05.jpg; colecao-lancada-no-1o-caixa-de-criadores-06.jpg; colecao-lancada-no-1o-caixa-de-criadores-07.jpg; colecao-lancada-no-1o-caixa-de-criadores-08.jpg; colecao-lancada-no-1o-caixa-de-criadores-09.jpg; colecao-lancada-no-1o-caixa-de-criadores-10.jpg"
"_posts/pt/2007-05-17-lancamento-verao-assembleia-paraense.md","NOT_FOUND",14,14,"lancamento-verao-assembleia-paraense-01.jpg; lancamento-verao-assembleia-paraense-02.jpg; lancamento-verao-assembleia-paraense-03.jpg; lancamento-verao-assembleia-paraense-04.jpg; lancamento-verao-assembleia-paraense-05.jpg; lancamento-verao-assembleia-paraense-06.jpg; lancamento-verao-assembleia-paraense-07.jpg; lancamento-verao-assembleia-paraense-01.jpg; lancamento-verao-assembleia-paraense-02.jpg; lancamento-verao-assembleia-paraense-03.jpg; lancamento-verao-assembleia-paraense-04.jpg; lancamento-verao-assembleia-paraense-05.jpg; lancamento-verao-assembleia-paraense-06.jpg; lancamento-verao-assembleia-paraense-07.jpg"
"_posts/pt/2007-06-02-editorial-liberdade-revista-roxy-delovely.md","NOT_FOUND",12,12,"editorial-liberdade-revista-roxy-delovely-01.png; editorial-liberdade-revista-roxy-delovely-02.png; editorial-liberdade-revista-roxy-delovely-03.png; editorial-liberdade-revista-roxy-delovely-04.png; editorial-liberdade-revista-roxy-delovely-05.png; editorial-liberdade-revista-roxy-delovely-06.jpg; editorial-liberdade-revista-roxy-delovely-01.png; editorial-liberdade-revista-roxy-delovely-02.png; editorial-liberdade-revista-roxy-delovely-03.png; editorial-liberdade-revista-roxy-delovely-04.png; editorial-liberdade-revista-roxy-delovely-05.png; editorial-liberdade-revista-roxy-delovely-06.jpg"
"_posts/pt/2007-07-09-materia-caderno-top-luty-vasconcelos.md","NOT_FOUND",0,0,""
"_posts/pt/2007-08-05-materia-lofficiel-brasil.md","NOT_FOUND",4,4,"materia-lofficiel-brasil-01.jpg; materia-lofficiel-brasil-02.jpg; materia-lofficiel-brasil-01.jpg; materia-lofficiel-brasil-02.jpg"
"_posts/pt/2008-06-27-projetos-junto-ao-estilista-andre-lima.md","NOT_FOUND",18,18,"projetos-junto-ao-estilista-andre-lima-01.jpg; projetos-junto-ao-estilista-andre-lima-02.jpg; projetos-junto-ao-estilista-andre-lima-03.jpg; projetos-junto-ao-estilista-andre-lima-04.jpg; projetos-junto-ao-estilista-andre-lima-05.jpg; projetos-junto-ao-estilista-andre-lima-06.jpg; projetos-junto-ao-estilista-andre-lima-07.jpg; projetos-junto-ao-estilista-andre-lima-08.jpg; projetos-junto-ao-estilista-andre-lima-09.jpg; projetos-junto-ao-estilista-andre-lima-01.jpg; projetos-junto-ao-estilista-andre-lima-02.jpg; projetos-junto-ao-estilista-andre-lima-03.jpg; projetos-junto-ao-estilista-andre-lima-04.jpg; projetos-junto-ao-estilista-andre-lima-05.jpg; projetos-junto-ao-estilista-andre-lima-06.jpg; projetos-junto-ao-estilista-andre-lima-07.jpg; projetos-junto-ao-estilista-andre-lima-08.jpg; projetos-junto-ao-estilista-andre-lima-09.jpg"
"_posts/pt/2008-11-01-programacao-visual-cd-floresta-sonora.md","NOT_FOUND",0,0,""
"_posts/pt/2009-01-02-editorial-floresta-de-sangue-revista-latitude-hangar.md","NOT_FOUND",12,12,"editorial-floresta-de-sangue-revista-latitude-hangar-01.png; editorial-floresta-de-sangue-revista-latitude-hangar-02.png; editorial-floresta-de-sangue-revista-latitude-hangar-03.png; editorial-floresta-de-sangue-revista-latitude-hangar-04.png; editorial-floresta-de-sangue-revista-latitude-hangar-05.png; editorial-floresta-de-sangue-revista-latitude-hangar-06.jpg; editorial-floresta-de-sangue-revista-latitude-hangar-01.png; editorial-floresta-de-sangue-revista-latitude-hangar-02.png; editorial-floresta-de-sangue-revista-latitude-hangar-03.png; editorial-floresta-de-sangue-revista-latitude-hangar-04.png; editorial-floresta-de-sangue-revista-latitude-hangar-05.png; editorial-floresta-de-sangue-revista-latitude-hangar-06.jpg"
"_posts/pt/2009-04-17-producao-de-moda-jornal-agora-sao-paulo.md","NOT_FOUND",24,24,"producao-de-moda-jornal-agora-sao-paulo-01.jpg; producao-de-moda-jornal-agora-sao-paulo-02.jpg; producao-de-moda-jornal-agora-sao-paulo-03.jpg; producao-de-moda-jornal-agora-sao-paulo-04.jpg; producao-de-moda-jornal-agora-sao-paulo-05.jpg; producao-de-moda-jornal-agora-sao-paulo-06.jpg; producao-de-moda-jornal-agora-sao-paulo-07.jpg; producao-de-moda-jornal-agora-sao-paulo-08.jpg; producao-de-moda-jornal-agora-sao-paulo-09.jpg; producao-de-moda-jornal-agora-sao-paulo-10.jpg; producao-de-moda-jornal-agora-sao-paulo-11.jpg; producao-de-moda-jornal-agora-sao-paulo-12.jpg; producao-de-moda-jornal-agora-sao-paulo-01.jpg; producao-de-moda-jornal-agora-sao-paulo-02.jpg; producao-de-moda-jornal-agora-sao-paulo-03.jpg; producao-de-moda-jornal-agora-sao-paulo-04.jpg; producao-de-moda-jornal-agora-sao-paulo-05.jpg; producao-de-moda-jornal-agora-sao-paulo-06.jpg; producao-de-moda-jornal-agora-sao-paulo-07.jpg; producao-de-moda-jornal-agora-sao-paulo-08.jpg; producao-de-moda-jornal-agora-sao-paulo-09.jpg; producao-de-moda-jornal-agora-sao-paulo-10.jpg; producao-de-moda-jornal-agora-sao-paulo-11.jpg; producao-de-moda-jornal-agora-sao-paulo-12.jpg"
"_posts/pt/2009-12-29-cobertura-caixa-de-criadores-2009-2010.md","NOT_FOUND",0,0,""
"_posts/pt/2010-06-08-editorial-preview-de-verao-9o-caixa-de-criadores.md","NOT_FOUND",12,12,"editorial-preview-de-verao-9o-caixa-de-criadores-01.jpg; editorial-preview-de-verao-9o-caixa-de-criadores-02.jpg; editorial-preview-de-verao-9o-caixa-de-criadores-03.jpg; editorial-preview-de-verao-9o-caixa-de-criadores-04.jpg; editorial-preview-de-verao-9o-caixa-de-criadores-05.jpg; editorial-preview-de-verao-9o-caixa-de-criadores-06.jpg; editorial-preview-de-verao-9o-caixa-de-criadores-01.jpg; editorial-preview-de-verao-9o-caixa-de-criadores-02.jpg; editorial-preview-de-verao-9o-caixa-de-criadores-03.jpg; editorial-preview-de-verao-9o-caixa-de-criadores-04.jpg; editorial-preview-de-verao-9o-caixa-de-criadores-05.jpg; editorial-preview-de-verao-9o-caixa-de-criadores-06.jpg"
"_posts/pt/2010-06-11-clipping-caixa-de-criadores-2010.md","NOT_FOUND",4,4,"clipping-caixa-de-criadores-2010-01.jpg; clipping-caixa-de-criadores-2010-02.jpg; clipping-caixa-de-criadores-2010-01.jpg; clipping-caixa-de-criadores-2010-02.jpg"
"_posts/pt/2010-10-02-editorial-anjos-de-asteroides-revista-latitude-hangar.md","NOT_FOUND",18,18,"editorial-anjos-de-asteroides-revista-latitude-hangar-01.jpg; editorial-anjos-de-asteroides-revista-latitude-hangar-02.jpg; editorial-anjos-de-asteroides-revista-latitude-hangar-03.jpg; editorial-anjos-de-asteroides-revista-latitude-hangar-04.jpg; editorial-anjos-de-asteroides-revista-latitude-hangar-05.jpg; editorial-anjos-de-asteroides-revista-latitude-hangar-06.jpg; editorial-anjos-de-asteroides-revista-latitude-hangar-07.jpg; editorial-anjos-de-asteroides-revista-latitude-hangar-08.jpg; editorial-anjos-de-asteroides-revista-latitude-hangar-09.jpg; editorial-anjos-de-asteroides-revista-latitude-hangar-01.jpg; editorial-anjos-de-asteroides-revista-latitude-hangar-02.jpg; editorial-anjos-de-asteroides-revista-latitude-hangar-03.jpg; editorial-anjos-de-asteroides-revista-latitude-hangar-04.jpg; editorial-anjos-de-asteroides-revista-latitude-hangar-05.jpg; editorial-anjos-de-asteroides-revista-latitude-hangar-06.jpg; editorial-anjos-de-asteroides-revista-latitude-hangar-07.jpg; editorial-anjos-de-asteroides-revista-latitude-hangar-08.jpg; editorial-anjos-de-asteroides-revista-latitude-hangar-09.jpg"
"_posts/pt/2010-12-07-caixa-de-criadores-edicao-10.md","NOT_FOUND",24,24,"caixa-de-criadores-edicao-10-01.jpg; caixa-de-criadores-edicao-10-02.jpg; caixa-de-criadores-edicao-10-03.jpg; caixa-de-criadores-edicao-10-04.jpg; caixa-de-criadores-edicao-10-05.jpg; caixa-de-criadores-edicao-10-06.jpg; caixa-de-criadores-edicao-10-07.jpg; caixa-de-criadores-edicao-10-08.jpg; caixa-de-criadores-edicao-10-09.jpg; caixa-de-criadores-edicao-10-10.jpg; caixa-de-criadores-edicao-10-11.jpg; caixa-de-criadores-edicao-10-12.jpg; caixa-de-criadores-edicao-10-01.jpg; caixa-de-criadores-edicao-10-02.jpg; caixa-de-criadores-edicao-10-03.jpg; caixa-de-criadores-edicao-10-04.jpg; caixa-de-criadores-edicao-10-05.jpg; caixa-de-criadores-edicao-10-06.jpg; caixa-de-criadores-edicao-10-07.jpg; caixa-de-criadores-edicao-10-08.jpg; caixa-de-criadores-edicao-10-09.jpg; caixa-de-criadores-edicao-10-10.jpg; caixa-de-criadores-edicao-10-11.jpg; caixa-de-criadores-edicao-10-12.jpg"
"_posts/pt/2010-12-07-styling-para-yorrana-maia.md","NOT_FOUND",6,6,"styling-para-yorrana-maia-01.jpg; styling-para-yorrana-maia-02.jpg; styling-para-yorrana-maia-03.jpg; styling-para-yorrana-maia-01.jpg; styling-para-yorrana-maia-02.jpg; styling-para-yorrana-maia-03.jpg"
"_posts/pt/2011-06-29-caixa-de-criadores-verao-2011.md","NOT_FOUND",16,16,"caixa-de-criadores-verao-2011-01.jpg; caixa-de-criadores-verao-2011-02.jpg; caixa-de-criadores-verao-2011-03.jpg; caixa-de-criadores-verao-2011-04.jpg; caixa-de-criadores-verao-2011-05.jpg; caixa-de-criadores-verao-2011-06.jpg; caixa-de-criadores-verao-2011-07.jpg; caixa-de-criadores-verao-2011-08.jpg; caixa-de-criadores-verao-2011-01.jpg; caixa-de-criadores-verao-2011-02.jpg; caixa-de-criadores-verao-2011-03.jpg; caixa-de-criadores-verao-2011-04.jpg; caixa-de-criadores-verao-2011-05.jpg; caixa-de-criadores-verao-2011-06.jpg; caixa-de-criadores-verao-2011-07.jpg; caixa-de-criadores-verao-2011-08.jpg"
"_posts/pt/2012-09-18-caixa-de-criadores-2012.md","NOT_FOUND",24,24,"caixa-de-criadores-2012-01.jpg; caixa-de-criadores-2012-02.jpg; caixa-de-criadores-2012-03.jpg; caixa-de-criadores-2012-04.jpg; caixa-de-criadores-2012-05.png; caixa-de-criadores-2012-06.jpg; caixa-de-criadores-2012-07.jpg; caixa-de-criadores-2012-08.jpg; caixa-de-criadores-2012-09.jpg; caixa-de-criadores-2012-10.jpg; caixa-de-criadores-2012-11.png; caixa-de-criadores-2012-12.png; caixa-de-criadores-2012-01.jpg; caixa-de-criadores-2012-02.jpg; caixa-de-criadores-2012-03.jpg; caixa-de-criadores-2012-04.jpg; caixa-de-criadores-2012-05.png; caixa-de-criadores-2012-06.jpg; caixa-de-criadores-2012-07.jpg; caixa-de-criadores-2012-08.jpg; caixa-de-criadores-2012-09.jpg; caixa-de-criadores-2012-10.jpg; caixa-de-criadores-2012-11.png; caixa-de-criadores-2012-12.png"
"_posts/pt/2012-10-02-desfile-mudamoda-no-parque-shopping-belem.md","NOT_FOUND",12,12,"desfile-mudamoda-no-parque-shopping-belem-01.jpg; desfile-mudamoda-no-parque-shopping-belem-02.jpg; desfile-mudamoda-no-parque-shopping-belem-03.jpg; desfile-mudamoda-no-parque-shopping-belem-04.jpg; desfile-mudamoda-no-parque-shopping-belem-05.jpg; desfile-mudamoda-no-parque-shopping-belem-06.jpg; desfile-mudamoda-no-parque-shopping-belem-01.jpg; desfile-mudamoda-no-parque-shopping-belem-02.jpg; desfile-mudamoda-no-parque-shopping-belem-03.jpg; desfile-mudamoda-no-parque-shopping-belem-04.jpg; desfile-mudamoda-no-parque-shopping-belem-05.jpg; desfile-mudamoda-no-parque-shopping-belem-06.jpg"
"_posts/pt/2012-11-09-palestra-no-london-college-of-fashion.md","NOT_FOUND",6,6,"palestra-no-london-college-of-fashion-01.jpg; palestra-no-london-college-of-fashion-02.jpg; palestra-no-london-college-of-fashion-03.jpg; palestra-no-london-college-of-fashion-01.jpg; palestra-no-london-college-of-fashion-02.jpg; palestra-no-london-college-of-fashion-03.jpg"
"_posts/pt/2013-07-25-palestra-vitoria-moda-2013.md","NOT_FOUND",6,6,"palestra-vitoria-moda-2013-01.png; palestra-vitoria-moda-2013-02.jpg; palestra-vitoria-moda-2013-03.png; palestra-vitoria-moda-2013-01.png; palestra-vitoria-moda-2013-02.jpg; palestra-vitoria-moda-2013-03.png"
"_posts/pt/2013-09-20-projeto-expedicao-em-si.md","NOT_FOUND",26,26,"projeto-expedicao-em-si-01.jpg; projeto-expedicao-em-si-02.jpg; projeto-expedicao-em-si-03.jpg; projeto-expedicao-em-si-04.jpg; projeto-expedicao-em-si-05.jpg; projeto-expedicao-em-si-06.jpg; projeto-expedicao-em-si-07.jpg; projeto-expedicao-em-si-08.jpg; projeto-expedicao-em-si-09.jpg; projeto-expedicao-em-si-10.jpg; projeto-expedicao-em-si-11.jpg; projeto-expedicao-em-si-12.jpg; projeto-expedicao-em-si-13.jpg; projeto-expedicao-em-si-01.jpg; projeto-expedicao-em-si-02.jpg; projeto-expedicao-em-si-03.jpg; projeto-expedicao-em-si-04.jpg; projeto-expedicao-em-si-05.jpg; projeto-expedicao-em-si-06.jpg; projeto-expedicao-em-si-07.jpg; projeto-expedicao-em-si-08.jpg; projeto-expedicao-em-si-09.jpg; projeto-expedicao-em-si-10.jpg; projeto-expedicao-em-si-11.jpg; projeto-expedicao-em-si-12.jpg; projeto-expedicao-em-si-13.jpg"
"_posts/pt/2013-12-16-colecao-adue-fernando-hage.md","NOT_FOUND",0,0,""
"_posts/pt/2014-04-02-palestra-e-workshop-de-confeccao-criativa.md","NOT_FOUND",12,12,"palestra-e-workshop-de-confeccao-criativa-01.jpg; palestra-e-workshop-de-confeccao-criativa-02.jpg; palestra-e-workshop-de-confeccao-criativa-03.jpg; palestra-e-workshop-de-confeccao-criativa-04.jpg; palestra-e-workshop-de-confeccao-criativa-05.jpg; palestra-e-workshop-de-confeccao-criativa-06.jpg; palestra-e-workshop-de-confeccao-criativa-01.jpg; palestra-e-workshop-de-confeccao-criativa-02.jpg; palestra-e-workshop-de-confeccao-criativa-03.jpg; palestra-e-workshop-de-confeccao-criativa-04.jpg; palestra-e-workshop-de-confeccao-criativa-05.jpg; palestra-e-workshop-de-confeccao-criativa-06.jpg"
"_posts/pt/2014-05-30-producao-de-desfile-de-lancamento-da-colecao-de-acessorios-igama-2014.md","NOT_FOUND",12,12,"producao-de-desfile-de-lancamento-da-colecao-de-acessorios-igama-2014-01.jpg; producao-de-desfile-de-lancamento-da-colecao-de-acessorios-igama-2014-02.jpg; producao-de-desfile-de-lancamento-da-colecao-de-acessorios-igama-2014-03.jpg; producao-de-desfile-de-lancamento-da-colecao-de-acessorios-igama-2014-04.jpg; producao-de-desfile-de-lancamento-da-colecao-de-acessorios-igama-2014-05.jpg; producao-de-desfile-de-lancamento-da-colecao-de-acessorios-igama-2014-06.jpg; producao-de-desfile-de-lancamento-da-colecao-de-acessorios-igama-2014-01.jpg; producao-de-desfile-de-lancamento-da-colecao-de-acessorios-igama-2014-02.jpg; producao-de-desfile-de-lancamento-da-colecao-de-acessorios-igama-2014-03.jpg; producao-de-desfile-de-lancamento-da-colecao-de-acessorios-igama-2014-04.jpg; producao-de-desfile-de-lancamento-da-colecao-de-acessorios-igama-2014-05.jpg; producao-de-desfile-de-lancamento-da-colecao-de-acessorios-igama-2014-06.jpg"
"_posts/pt/2015-04-14-cafe-com-moda-marcas-que-inspiram.md","NOT_FOUND",6,6,"cafe-com-moda-marcas-que-inspiram-01.png; cafe-com-moda-marcas-que-inspiram-02.png; cafe-com-moda-marcas-que-inspiram-03.jpg; cafe-com-moda-marcas-que-inspiram-01.png; cafe-com-moda-marcas-que-inspiram-02.png; cafe-com-moda-marcas-que-inspiram-03.jpg"
"_posts/pt/2015-06-30-mostramoda-2015.md","NOT_FOUND",14,14,"mostramoda-2015-01.jpg; mostramoda-2015-02.jpg; mostramoda-2015-03.jpg; mostramoda-2015-04.jpg; mostramoda-2015-05.jpg; mostramoda-2015-06.jpg; mostramoda-2015-07.jpg; mostramoda-2015-01.jpg; mostramoda-2015-02.jpg; mostramoda-2015-03.jpg; mostramoda-2015-04.jpg; mostramoda-2015-05.jpg; mostramoda-2015-06.jpg; mostramoda-2015-07.jpg"
"_posts/pt/2016-02-02-resultados-de-consultoria-criativa-em-exposicao-no-polo-joalheiro.md","NOT_FOUND",10,10,"resultados-de-consultoria-criativa-em-exposicao-no-polo-joalheiro-01.jpg; resultados-de-consultoria-criativa-em-exposicao-no-polo-joalheiro-02.jpg; resultados-de-consultoria-criativa-em-exposicao-no-polo-joalheiro-03.jpg; resultados-de-consultoria-criativa-em-exposicao-no-polo-joalheiro-04.jpg; resultados-de-consultoria-criativa-em-exposicao-no-polo-joalheiro-05.jpg; resultados-de-consultoria-criativa-em-exposicao-no-polo-joalheiro-01.jpg; resultados-de-consultoria-criativa-em-exposicao-no-polo-joalheiro-02.jpg; resultados-de-consultoria-criativa-em-exposicao-no-polo-joalheiro-03.jpg; resultados-de-consultoria-criativa-em-exposicao-no-polo-joalheiro-04.jpg; resultados-de-consultoria-criativa-em-exposicao-no-polo-joalheiro-05.jpg"
"_posts/pt/2016-04-23-fashion-revolution-day-belem-2016.md","NOT_FOUND",6,6,"fashion-revolution-day-belem-2016-01.jpg; fashion-revolution-day-belem-2016-02.png; fashion-revolution-day-belem-2016-03.jpg; fashion-revolution-day-belem-2016-01.jpg; fashion-revolution-day-belem-2016-02.png; fashion-revolution-day-belem-2016-03.jpg"
"_posts/pt/2016-07-01-entrevista-moda-e.md","NOT_FOUND",6,6,"entrevista-moda-e-01.png; entrevista-moda-e-02.png; entrevista-moda-e-03.png; entrevista-moda-e-01.png; entrevista-moda-e-02.png; entrevista-moda-e-03.png"
"_posts/pt/2016-09-27-seminario-internacional-de-estudos-de-indumentaria-e-moda-no-brasil-tributo-a-sophia-jobim.md","NOT_FOUND",8,8,"seminario-internacional-de-estudos-de-indumentaria-e-moda-no-brasil-tributo-a-sophia-jobim-01.jpg; seminario-internacional-de-estudos-de-indumentaria-e-moda-no-brasil-tributo-a-sophia-jobim-02.jpg; seminario-internacional-de-estudos-de-indumentaria-e-moda-no-brasil-tributo-a-sophia-jobim-03.jpg; seminario-internacional-de-estudos-de-indumentaria-e-moda-no-brasil-tributo-a-sophia-jobim-04.jpg; seminario-internacional-de-estudos-de-indumentaria-e-moda-no-brasil-tributo-a-sophia-jobim-01.jpg; seminario-internacional-de-estudos-de-indumentaria-e-moda-no-brasil-tributo-a-sophia-jobim-02.jpg; seminario-internacional-de-estudos-de-indumentaria-e-moda-no-brasil-tributo-a-sophia-jobim-03.jpg; seminario-internacional-de-estudos-de-indumentaria-e-moda-no-brasil-tributo-a-sophia-jobim-04.jpg"
"_posts/pt/2016-11-21-documentario-criativas.md","NOT_FOUND",4,4,"documentario-criativas-01.jpg; documentario-criativas-02.jpg; documentario-criativas-01.jpg; documentario-criativas-02.jpg"
"_posts/pt/2016-12-14-curso-entendendo-o-sistema-da-moda.md","NOT_FOUND",4,4,"curso-entendendo-o-sistema-da-moda-01.jpg; curso-entendendo-o-sistema-da-moda-02.jpg; curso-entendendo-o-sistema-da-moda-01.jpg; curso-entendendo-o-sistema-da-moda-02.jpg"
"_posts/pt/2017-04-08-exposicao-manualidade-criativa.md","NOT_FOUND",16,16,"exposicao-manualidade-criativa-01.png; exposicao-manualidade-criativa-02.jpg; exposicao-manualidade-criativa-03.png; exposicao-manualidade-criativa-04.jpg; exposicao-manualidade-criativa-05.jpg; exposicao-manualidade-criativa-06.jpg; exposicao-manualidade-criativa-07.jpg; exposicao-manualidade-criativa-08.jpg; exposicao-manualidade-criativa-01.png; exposicao-manualidade-criativa-02.jpg; exposicao-manualidade-criativa-03.png; exposicao-manualidade-criativa-04.jpg; exposicao-manualidade-criativa-05.jpg; exposicao-manualidade-criativa-06.jpg; exposicao-manualidade-criativa-07.jpg; exposicao-manualidade-criativa-08.jpg"
"_posts/pt/2017-05-27-unama-fashion-day.md","NOT_FOUND",30,30,"unama-fashion-day-01.jpg; unama-fashion-day-02.jpg; unama-fashion-day-03.jpg; unama-fashion-day-04.jpg; unama-fashion-day-05.jpg; unama-fashion-day-06.jpg; unama-fashion-day-07.jpg; unama-fashion-day-08.jpg; unama-fashion-day-09.jpg; unama-fashion-day-10.jpg; unama-fashion-day-11.jpg; unama-fashion-day-12.jpg; unama-fashion-day-13.jpg; unama-fashion-day-14.jpg; unama-fashion-day-15.jpg; unama-fashion-day-01.jpg; unama-fashion-day-02.jpg; unama-fashion-day-03.jpg; unama-fashion-day-04.jpg; unama-fashion-day-05.jpg; unama-fashion-day-06.jpg; unama-fashion-day-07.jpg; unama-fashion-day-08.jpg; unama-fashion-day-09.jpg; unama-fashion-day-10.jpg; unama-fashion-day-11.jpg; unama-fashion-day-12.jpg; unama-fashion-day-13.jpg; unama-fashion-day-14.jpg; unama-fashion-day-15.jpg"
"_posts/pt/2017-06-22-gt-de-moda-i-encontro-amazonico-de-economia-criativa.md","NOT_FOUND",16,16,"gt-de-moda-i-encontro-amazonico-de-economia-criativa-01.jpg; gt-de-moda-i-encontro-amazonico-de-economia-criativa-02.jpg; gt-de-moda-i-encontro-amazonico-de-economia-criativa-03.jpg; gt-de-moda-i-encontro-amazonico-de-economia-criativa-04.jpg; gt-de-moda-i-encontro-amazonico-de-economia-criativa-05.jpg; gt-de-moda-i-encontro-amazonico-de-economia-criativa-06.jpg; gt-de-moda-i-encontro-amazonico-de-economia-criativa-07.jpg; gt-de-moda-i-encontro-amazonico-de-economia-criativa-08.jpg; gt-de-moda-i-encontro-amazonico-de-economia-criativa-01.jpg; gt-de-moda-i-encontro-amazonico-de-economia-criativa-02.jpg; gt-de-moda-i-encontro-amazonico-de-economia-criativa-03.jpg; gt-de-moda-i-encontro-amazonico-de-economia-criativa-04.jpg; gt-de-moda-i-encontro-amazonico-de-economia-criativa-05.jpg; gt-de-moda-i-encontro-amazonico-de-economia-criativa-06.jpg; gt-de-moda-i-encontro-amazonico-de-economia-criativa-07.jpg; gt-de-moda-i-encontro-amazonico-de-economia-criativa-08.jpg"
"_posts/pt/2017-10-08-transmissao-do-cirio-de-nazare-2017.md","NOT_FOUND",0,0,""
"_posts/pt/2017-12-15-consultoria-criativa-territorio-da-moda-esjligama.md","NOT_FOUND",30,30,"consultoria-criativa-territorio-da-moda-esjligama-01.jpg; consultoria-criativa-territorio-da-moda-esjligama-02.jpg; consultoria-criativa-territorio-da-moda-esjligama-03.jpg; consultoria-criativa-territorio-da-moda-esjligama-04.jpg; consultoria-criativa-territorio-da-moda-esjligama-05.jpg; consultoria-criativa-territorio-da-moda-esjligama-06.jpg; consultoria-criativa-territorio-da-moda-esjligama-07.jpg; consultoria-criativa-territorio-da-moda-esjligama-08.jpg; consultoria-criativa-territorio-da-moda-esjligama-09.jpg; consultoria-criativa-territorio-da-moda-esjligama-10.jpg; consultoria-criativa-territorio-da-moda-esjligama-11.jpg; consultoria-criativa-territorio-da-moda-esjligama-12.jpg; consultoria-criativa-territorio-da-moda-esjligama-13.jpg; consultoria-criativa-territorio-da-moda-esjligama-14.jpg; consultoria-criativa-territorio-da-moda-esjligama-15.jpg; consultoria-criativa-territorio-da-moda-esjligama-01.jpg; consultoria-criativa-territorio-da-moda-esjligama-02.jpg; consultoria-criativa-territorio-da-moda-esjligama-03.jpg; consultoria-criativa-territorio-da-moda-esjligama-04.jpg; consultoria-criativa-territorio-da-moda-esjligama-05.jpg; consultoria-criativa-territorio-da-moda-esjligama-06.jpg; consultoria-criativa-territorio-da-moda-esjligama-07.jpg; consultoria-criativa-territorio-da-moda-esjligama-08.jpg; consultoria-criativa-territorio-da-moda-esjligama-09.jpg; consultoria-criativa-territorio-da-moda-esjligama-10.jpg; consultoria-criativa-territorio-da-moda-esjligama-11.jpg; consultoria-criativa-territorio-da-moda-esjligama-12.jpg; consultoria-criativa-territorio-da-moda-esjligama-13.jpg; consultoria-criativa-territorio-da-moda-esjligama-14.jpg; consultoria-criativa-territorio-da-moda-esjligama-15.jpg"
"_posts/pt/2018-05-03-gravacao-documentario-amazon-fashion-fashion-tv.md","NOT_FOUND",10,10,"gravacao-documentario-amazon-fashion-fashion-tv-01.jpg; gravacao-documentario-amazon-fashion-fashion-tv-02.jpg; gravacao-documentario-amazon-fashion-fashion-tv-03.jpg; gravacao-documentario-amazon-fashion-fashion-tv-04.jpg; gravacao-documentario-amazon-fashion-fashion-tv-05.jpg; gravacao-documentario-amazon-fashion-fashion-tv-01.jpg; gravacao-documentario-amazon-fashion-fashion-tv-02.jpg; gravacao-documentario-amazon-fashion-fashion-tv-03.jpg; gravacao-documentario-amazon-fashion-fashion-tv-04.jpg; gravacao-documentario-amazon-fashion-fashion-tv-05.jpg"
"_posts/pt/2018-05-19-feira-do-empreendedor-2018.md","NOT_FOUND",12,12,"feira-do-empreendedor-2018-01.jpg; feira-do-empreendedor-2018-02.jpg; feira-do-empreendedor-2018-03.jpg; feira-do-empreendedor-2018-04.jpg; feira-do-empreendedor-2018-05.jpg; feira-do-empreendedor-2018-06.jpg; feira-do-empreendedor-2018-01.jpg; feira-do-empreendedor-2018-02.jpg; feira-do-empreendedor-2018-03.jpg; feira-do-empreendedor-2018-04.jpg; feira-do-empreendedor-2018-05.jpg; feira-do-empreendedor-2018-06.jpg"
"_posts/pt/2018-06-02-programa-e-do-para-tv-liberal-curiosidades-sobre-a-chita.md","NOT_FOUND",0,0,""
"_posts/pt/2018-09-06-participacao-e-premiacao-de-melhor-artigo-no-coloquio-de-moda-2018.md","NOT_FOUND",6,6,"participacao-e-premiacao-de-melhor-artigo-no-coloquio-de-moda-2018-01.jpg; participacao-e-premiacao-de-melhor-artigo-no-coloquio-de-moda-2018-02.png; participacao-e-premiacao-de-melhor-artigo-no-coloquio-de-moda-2018-03.jpg; participacao-e-premiacao-de-melhor-artigo-no-coloquio-de-moda-2018-01.jpg; participacao-e-premiacao-de-melhor-artigo-no-coloquio-de-moda-2018-02.png; participacao-e-premiacao-de-melhor-artigo-no-coloquio-de-moda-2018-03.jpg"
"_posts/pt/2018-09-14-programa-close-certo-tv-unama.md","NOT_FOUND",0,0,""
"_posts/pt/2018-09-16-circuito-de-moda-parque-shopping.md","NOT_FOUND",12,12,"circuito-de-moda-parque-shopping-01.jpg; circuito-de-moda-parque-shopping-02.jpg; circuito-de-moda-parque-shopping-03.jpg; circuito-de-moda-parque-shopping-04.jpg; circuito-de-moda-parque-shopping-05.jpg; circuito-de-moda-parque-shopping-06.jpg; circuito-de-moda-parque-shopping-01.jpg; circuito-de-moda-parque-shopping-02.jpg; circuito-de-moda-parque-shopping-03.jpg; circuito-de-moda-parque-shopping-04.jpg; circuito-de-moda-parque-shopping-05.jpg; circuito-de-moda-parque-shopping-06.jpg"
"_posts/pt/2018-10-25-concurso-novos-mantos-2018-customizando-a-fe.md","NOT_FOUND",12,12,"concurso-novos-mantos-2018-customizando-a-fe-01.jpg; concurso-novos-mantos-2018-customizando-a-fe-02.jpg; concurso-novos-mantos-2018-customizando-a-fe-03.jpg; concurso-novos-mantos-2018-customizando-a-fe-04.jpg; concurso-novos-mantos-2018-customizando-a-fe-05.jpg; concurso-novos-mantos-2018-customizando-a-fe-06.jpg; concurso-novos-mantos-2018-customizando-a-fe-01.jpg; concurso-novos-mantos-2018-customizando-a-fe-02.jpg; concurso-novos-mantos-2018-customizando-a-fe-03.jpg; concurso-novos-mantos-2018-customizando-a-fe-04.jpg; concurso-novos-mantos-2018-customizando-a-fe-05.jpg; concurso-novos-mantos-2018-customizando-a-fe-06.jpg"
"_posts/pt/2018-12-18-premio-de-melhor-coordenador-avaliado-em-2018.md","NOT_FOUND",4,4,"premio-de-melhor-coordenador-avaliado-em-2018-01.jpg; premio-de-melhor-coordenador-avaliado-em-2018-02.jpg; premio-de-melhor-coordenador-avaliado-em-2018-01.jpg; premio-de-melhor-coordenador-avaliado-em-2018-02.jpg"
"_posts/pt/2019-02-16-mostramoda-unama-2019.md","NOT_FOUND",26,26,"mostramoda-unama-2019-01.jpg; mostramoda-unama-2019-02.jpg; mostramoda-unama-2019-03.png; mostramoda-unama-2019-04.jpg; mostramoda-unama-2019-05.jpg; mostramoda-unama-2019-06.jpg; mostramoda-unama-2019-07.jpg; mostramoda-unama-2019-08.jpg; mostramoda-unama-2019-09.jpg; mostramoda-unama-2019-10.jpg; mostramoda-unama-2019-11.jpg; mostramoda-unama-2019-12.jpg; mostramoda-unama-2019-13.jpg; mostramoda-unama-2019-01.jpg; mostramoda-unama-2019-02.jpg; mostramoda-unama-2019-03.png; mostramoda-unama-2019-04.jpg; mostramoda-unama-2019-05.jpg; mostramoda-unama-2019-06.jpg; mostramoda-unama-2019-07.jpg; mostramoda-unama-2019-08.jpg; mostramoda-unama-2019-09.jpg; mostramoda-unama-2019-10.jpg; mostramoda-unama-2019-11.jpg; mostramoda-unama-2019-12.jpg; mostramoda-unama-2019-13.jpg"
"_posts/pt/2019-09-06-15o-coloquio-de-moda.md","NOT_FOUND",10,10,"15o-coloquio-de-moda-01.jpg; 15o-coloquio-de-moda-02.jpg; 15o-coloquio-de-moda-03.jpg; 15o-coloquio-de-moda-04.jpg; 15o-coloquio-de-moda-05.jpg; 15o-coloquio-de-moda-01.jpg; 15o-coloquio-de-moda-02.jpg; 15o-coloquio-de-moda-03.jpg; 15o-coloquio-de-moda-04.jpg; 15o-coloquio-de-moda-05.jpg"
"_posts/pt/2019-09-10-livro-estudos-de-indumentaria-e-moda-no-brasil.md","NOT_FOUND",0,0,""
"_posts/pt/2019-09-15-territorio-da-moda-2019.md","NOT_FOUND",20,20,"territorio-da-moda-2019-01.jpg; territorio-da-moda-2019-02.jpg; territorio-da-moda-2019-03.jpg; territorio-da-moda-2019-04.jpg; territorio-da-moda-2019-05.jpg; territorio-da-moda-2019-06.jpg; territorio-da-moda-2019-07.jpg; territorio-da-moda-2019-08.jpg; territorio-da-moda-2019-09.jpg; territorio-da-moda-2019-10.jpg; territorio-da-moda-2019-01.jpg; territorio-da-moda-2019-02.jpg; territorio-da-moda-2019-03.jpg; territorio-da-moda-2019-04.jpg; territorio-da-moda-2019-05.jpg; territorio-da-moda-2019-06.jpg; territorio-da-moda-2019-07.jpg; territorio-da-moda-2019-08.jpg; territorio-da-moda-2019-09.jpg; territorio-da-moda-2019-10.jpg"
"_posts/pt/2020-03-25-podcast-estilo-possivel-46.md","NOT_FOUND",0,0,""
"_posts/pt/2020-05-01-conversas-moda-a-par-no-youtube.md","NOT_FOUND",0,0,""
"_posts/pt/2020-05-20-exibicao-da-serie-amazon-fashion.md","NOT_FOUND",0,0,""
"_posts/pt/2020-07-13-universo-masculino-na-pandemia.md","NOT_FOUND",6,6,"universo-masculino-na-pandemia-01.jpg; universo-masculino-na-pandemia-02.png; universo-masculino-na-pandemia-03.jpg; universo-masculino-na-pandemia-01.jpg; universo-masculino-na-pandemia-02.png; universo-masculino-na-pandemia-03.jpg"
"_posts/pt/2020-07-23-novos-projetos-do-site.md","NOT_FOUND",6,6,"novos-projetos-do-site-01.png; novos-projetos-do-site-02.png; novos-projetos-do-site-03.png; novos-projetos-do-site-01.png; novos-projetos-do-site-02.png; novos-projetos-do-site-03.png"
"_posts/pt/2020-07-27-especial-o-para-e-a-moda.md","NOT_FOUND",0,0,""
"_posts/pt/2020-07-31-nossa-biblioteca-no-criavelcom.md","NOT_FOUND",0,0,""
"_posts/pt/2020-08-19-a-historia-das-mascaras-no-podcast-estilo-possivel.md","NOT_FOUND",0,0,""
"_posts/pt/2020-09-20-a-serie-amazon-fashion-agora-no-amazon-prime.md","NOT_FOUND",0,0,""
"_posts/pt/2020-09-22-territorio-da-moda-2020.md","NOT_FOUND",0,0,""
"_posts/pt/2020-09-23-conversando-sobre-o-kitsch-e-o-cafona-no-estilo-possivel.md","NOT_FOUND",0,0,""
"_posts/pt/2020-09-29-participacao-no-projeto-moodautoral.md","NOT_FOUND",0,0,""
"_posts/pt/2020-10-07-inspiracao-copia-e-plagio-qual-a-diferenca.md","NOT_FOUND",0,0,""
"_posts/pt/2020-10-13-masterminds-fashion-for-future-2020.md","NOT_FOUND",0,0,""
"_posts/pt/2020-10-16-lancamento-entre-palavras-na-abertura-do-coloquio-de-moda-2020.md","NOT_FOUND",0,0,""
"_posts/pt/2020-10-19-documentario-a-protecao-da-identidade-a-propriedade-intelectual-de-pinturas-na-moda-autoral.md","NOT_FOUND",0,0,""
"_posts/pt/2020-11-16-palestra-processos-de-criacao-com-a-marca-normando.md","NOT_FOUND",0,0,""
"_posts/pt/2021-06-15-palestra-resistencia-na-historia-da-moda-umi-digital.md","NOT_FOUND",0,0,""
"_posts/pt/2021-07-15-conversa-desfiada-moda-cultura-e-imagens.md","NOT_FOUND",0,0,""
"_posts/pt/2021-08-07-temas-atuais-na-folha-de-sao-paulo.md","NOT_FOUND",0,0,""
"_posts/pt/2022-05-17-palestra-no-seminario-moda-uma-abordagem-museologica.md","NOT_FOUND",0,0,""
"_posts/pt/2022-10-27-encontro-das-universidades-na-semana-de-lancamentos-denim-city.md","NOT_FOUND",0,0,""
"_posts/pt/2022-12-15-comentando-os-assuntos-de-destaque-de-2022.md","NOT_FOUND",0,0,""
"_posts/pt/2025-07-02-receita-torta-maca.md","NOT_FOUND",2,2,"apple_pie_recipe.jpg; apple_pie_recipe.jpg"
"index.md","index.html",0,0,""
